File Name,Date Modified,Date Created,Kind,Size (bytes),Comments,Description,Tags,Path,Version,Pages,Authors/Artist,Title,Album,Track NO,Genre,Year,Duration,Audio BitRate,Encoding App,Audio Sample Rate,Dimensions,Width,Height,Total Pixels,Height DPI,Width DPI,Color Space,Color Profile,Alpha Channel,Creator,Video BitRate,Total BitRate,Codecs
AnimatedWorldZoom.html,2015-03-31 18:43:46 +0000,2015-03-31 18:43:46 +0000,Html Text,8175,,,,/Users/SweetyMEOW/Sites/myd3_geo/sample/AnimatedWorldZoom.html,,,,,,,,,,,,,,,,,,,,,,,,,
Azimuthal.html,2015-03-18 03:45:54 +0000,2015-03-18 03:45:54 +0000,Html Text,4690,,,,/Users/SweetyMEOW/Sites/myd3_geo/sample/Azimuthal.html,,,,,,,,,,,,,,,,,,,,,,,,,
BilevelPartition.html,2015-03-31 18:43:46 +0000,2015-03-31 18:43:46 +0000,Html Text,8414,,,,/Users/SweetyMEOW/Sites/myd3_geo/sample/BilevelPartition.html,,,,,,,,,,,,,,,,,,,,,,,,,
ChordDiagram.html,2015-03-18 03:45:54 +0000,2015-03-18 03:45:54 +0000,Html Text,7468,,,,/Users/SweetyMEOW/Sites/myd3_geo/sample/ChordDiagram.html,,,,,,,,,,,,,,,,,,,,,,,,,
Cluster_Layout.html,2015-04-02 02:48:31 +0000,2015-04-02 02:02:16 +0000,Html Text,4193,,,,/Users/SweetyMEOW/Sites/myd3_geo/sample/Cluster_Layout.html,,,,,,,,,,,,,,,,,,,,,,,,,
ClusteredForceLayoutI.html,2015-04-02 01:55:44 +0000,2015-03-18 03:45:54 +0000,Html Text,6485,,,,/Users/SweetyMEOW/Sites/myd3_geo/sample/ClusteredForceLayoutI.html,,,,Clustered Force Layout I,,,,,,,,,,,,,,,,,,,,,
ClusteredForceLayoutII.html,2015-03-18 03:45:54 +0000,2015-03-18 03:45:54 +0000,Html Text,6742,,,,/Users/SweetyMEOW/Sites/myd3_geo/sample/ClusteredForceLayoutII.html,,,,,,,,,,,,,,,,,,,,,,,,,
CollapsibleForceLayout.html,2015-03-31 18:43:46 +0000,2015-03-31 18:43:46 +0000,Html Text,5510,,,,/Users/SweetyMEOW/Sites/myd3_geo/sample/CollapsibleForceLayout.html,,,,,,,,,,,,,,,,,,,,,,,,,
ColorBrewerScale.html,2015-04-10 05:23:50 +0000,2015-04-10 05:23:50 +0000,Html Text,4999,,,,/Users/SweetyMEOW/Sites/myd3_geo/sample/ColorBrewerScale.html,,,,,,,,,,,,,,,,,,,,,,,,,
CustomCartesianProjection.html,2015-03-18 03:45:54 +0000,2015-03-18 03:45:54 +0000,Html Text,3903,,,,/Users/SweetyMEOW/Sites/myd3_geo/sample/CustomCartesianProjection.html,,,,,,,,,,,,,,,,,,,,,,,,,
D3ShowReel10types.html,2015-03-31 18:43:46 +0000,2015-03-31 18:43:46 +0000,Html Text,16243,,,,/Users/SweetyMEOW/Sites/myd3_geo/sample/D3ShowReel10types.html,,,,,,,,,,,,,,,,,,,,,,,,,
DispatchingEvents.html,2015-03-18 03:45:54 +0000,2015-03-18 03:45:54 +0000,Html Text,8171,,,,/Users/SweetyMEOW/Sites/myd3_geo/sample/DispatchingEvents.html,,,,,,,,,,,,,,,,,,,,,,,,,
DynamicHexbin.html,2015-03-18 03:45:54 +0000,2015-03-18 03:45:54 +0000,Html Text,5074,,,,/Users/SweetyMEOW/Sites/myd3_geo/sample/DynamicHexbin.html,,,,,,,,,,,,,,,,,,,,,,,,,
FactorizationDiagrams.html,2015-03-31 18:43:46 +0000,2015-03-31 18:43:46 +0000,Html Text,4427,,,,/Users/SweetyMEOW/Sites/myd3_geo/sample/FactorizationDiagrams.html,,,,,,,,,,,,,,,,,,,,,,,,,
Faux3dArcs.html,2015-03-18 03:45:54 +0000,2015-03-18 03:45:54 +0000,Html Text,11382,,,,/Users/SweetyMEOW/Sites/myd3_geo/sample/Faux3dArcs.html,,,,,,,,,,,,,,,,,,,,,,,,,
Faux3dShadedGlobe.html,2015-03-18 03:45:54 +0000,2015-03-18 03:45:54 +0000,Html Text,10140,,,,/Users/SweetyMEOW/Sites/myd3_geo/sample/Faux3dShadedGlobe.html,,,,,,,,,,,,,,,,,,,,,,,,,
ForceCurvedLinks.html,2015-03-18 03:45:54 +0000,2015-03-18 03:45:54 +0000,Html Text,3637,,,,/Users/SweetyMEOW/Sites/myd3_geo/sample/ForceCurvedLinks.html,,,,,,,,,,,,,,,,,,,,,,,,,
ForceDirectedGraph.html,2015-03-31 18:43:46 +0000,2015-03-31 18:43:46 +0000,Html Text,4089,,,,/Users/SweetyMEOW/Sites/myd3_geo/sample/ForceDirectedGraph.html,,,,,,,,,,,,,,,,,,,,,,,,,
ForceDirectedSymbols.html,2015-03-18 03:45:54 +0000,2015-03-18 03:45:54 +0000,Html Text,2938,,,,/Users/SweetyMEOW/Sites/myd3_geo/sample/ForceDirectedSymbols.html,,,,,,,,,,,,,,,,,,,,,,,,,
GeodesicRainbow.html,2015-03-18 03:45:54 +0000,2015-03-18 03:45:54 +0000,Html Text,4670,,,,/Users/SweetyMEOW/Sites/myd3_geo/sample/GeodesicRainbow.html,,,,,,,,,,,,,,,,,,,,,,,,,
GlobalRotateZoom.html,2015-03-31 18:43:46 +0000,2015-03-31 18:43:46 +0000,Html Text,16107,,,,/Users/SweetyMEOW/Sites/myd3_geo/sample/GlobalRotateZoom.html,,,,,,,,,,,,,,,,,,,,,,,,,
GlobalRotateZoom_test.html,2015-03-18 03:45:54 +0000,2015-03-18 03:45:54 +0000,Html Text,17351,,,,/Users/SweetyMEOW/Sites/myd3_geo/sample/GlobalRotateZoom_test.html,,,,,,,,,,,,,,,,,,,,,,,,,
GooglePublicPPPDataSample.html,2015-03-18 03:45:54 +0000,2015-03-18 03:45:54 +0000,Html Text,2758,,,,/Users/SweetyMEOW/Sites/myd3_geo/sample/GooglePublicPPPDataSample.html,,,,,,,,,,,,,,,,,,,,,,,,,
HieraEdgeBund_MaterialDark.html,2015-04-01 23:21:51 +0000,2015-04-01 23:21:51 +0000,Html Text,7074,,,,/Users/SweetyMEOW/Sites/myd3_geo/sample/HieraEdgeBund_MaterialDark.html,,,,,,,,,,,,,,,,,,,,,,,,,
HierarchicalEdgeBundling.html,2015-04-01 22:34:09 +0000,2015-04-01 22:34:09 +0000,Html Text,5510,,,,/Users/SweetyMEOW/Sites/myd3_geo/sample/HierarchicalEdgeBundling.html,,,,Hierarchical Edge Bundling,,,,,,,,,,,,,,,,,,,,,
HierarchicalEdgeBundling_Interacitve.html,2015-04-01 22:34:09 +0000,2015-04-01 22:34:09 +0000,Html Text,6642,,,,/Users/SweetyMEOW/Sites/myd3_geo/sample/HierarchicalEdgeBundling_Interacitve.html,,,,Hierarchical Edge Bundling Interactive,,,,,,,,,,,,,,,,,,,,,
MulRotate.html,2015-03-18 03:45:54 +0000,2015-03-18 03:45:54 +0000,Html Text,3376,,,,/Users/SweetyMEOW/Sites/myd3_geo/sample/MulRotate.html,,,,,,,,,,,,,,,,,,,,,,,,,
PieChartsLabels.html,2015-03-18 03:45:54 +0000,2015-03-18 03:45:54 +0000,Html Text,6890,,,,/Users/SweetyMEOW/Sites/myd3_geo/sample/PieChartsLabels.html,,,,,,,,,,,,,,,,,,,,,,,,,
PieMultiNest.html,2015-03-26 05:24:31 +0000,2015-03-26 05:24:31 +0000,Html Text,5808,,,,/Users/SweetyMEOW/Sites/myd3_geo/sample/PieMultiNest.html,,,,,,,,,,,,,,,,,,,,,,,,,
PiePaddingII.html,2015-03-18 03:45:54 +0000,2015-03-18 03:45:54 +0000,Html Text,3972,,,,/Users/SweetyMEOW/Sites/myd3_geo/sample/PiePaddingII.html,,,,,,,,,,,,,,,,,,,,,,,,,
Prim'sAlgorithmV.html,2015-03-18 03:45:54 +0000,2015-03-18 03:45:54 +0000,Html Text,4728,,,,/Users/SweetyMEOW/Sites/myd3_geo/sample/Prim'sAlgorithmV.html,,,,,,,,,,,,,,,,,,,,,,,,,
RadarChart.html,2015-03-18 03:45:54 +0000,2015-03-18 03:45:54 +0000,Html Text,1837,,,,/Users/SweetyMEOW/Sites/myd3_geo/sample/RadarChart.html,,,,,,,,,,,,,,,,,,,,,,,,,
RadarChart_Ep.html,2015-03-18 03:45:54 +0000,2015-03-18 03:45:54 +0000,Html Text,4888,,,,/Users/SweetyMEOW/Sites/myd3_geo/sample/RadarChart_Ep.html,,,,,,,,,,,,,,,,,,,,,,,,,
RainbowWorm.html,2015-03-18 03:45:54 +0000,2015-03-18 03:45:54 +0000,Html Text,4683,,,,/Users/SweetyMEOW/Sites/myd3_geo/sample/RainbowWorm.html,,,,,,,,,,,,,,,,,,,,,,,,,
RingPartitionMap.html,2015-03-18 03:45:54 +0000,2015-03-18 03:45:54 +0000,Html Text,8206,,,,/Users/SweetyMEOW/Sites/myd3_geo/sample/RingPartitionMap.html,,,,,,,,,,,,,,,,,,,,,,,,,
RingPartitionMap_radio.html,2015-03-18 03:45:54 +0000,2015-03-18 03:45:54 +0000,Html Text,10041,,,,/Users/SweetyMEOW/Sites/myd3_geo/sample/RingPartitionMap_radio.html,,,,,,,,,,,,,,,,,,,,,,,,,
StackedRadialArea.html,2015-03-23 01:56:36 +0000,2015-03-23 01:56:36 +0000,Html Text,8069,,,,/Users/SweetyMEOW/Sites/myd3_geo/sample/StackedRadialArea.html,,,,,,,,,,,,,,,,,,,,,,,,,
Streamgraph.html,2015-03-18 03:45:54 +0000,2015-03-18 03:45:54 +0000,Html Text,4851,,,,/Users/SweetyMEOW/Sites/myd3_geo/sample/Streamgraph.html,,,,,,,,,,,,,,,,,,,,,,,,,
SunburstMap.html,2015-03-18 03:45:54 +0000,2015-03-18 03:45:54 +0000,Html Text,4213,,,,/Users/SweetyMEOW/Sites/myd3_geo/sample/SunburstMap.html,,,,,,,,,,,,,,,,,,,,,,,,,
SunburstPartition.html,2015-03-18 03:45:54 +0000,2015-03-18 03:45:54 +0000,Html Text,5125,,,,/Users/SweetyMEOW/Sites/myd3_geo/sample/SunburstPartition.html,,,,,,,,,,,,,,,,,,,,,,,,,
SymbolWorldMap.html,2015-03-18 03:45:54 +0000,2015-03-18 03:45:54 +0000,Html Text,5023,,,,/Users/SweetyMEOW/Sites/myd3_geo/sample/SymbolWorldMap.html,,,,,,,,,,,,,,,,,,,,,,,,,
VoronoiArcMap.html,2015-03-31 18:43:46 +0000,2015-03-31 18:43:46 +0000,Html Text,6057,,,,/Users/SweetyMEOW/Sites/myd3_geo/sample/VoronoiArcMap.html,,,,,,,,,,,,,,,,,,,,,,,,,
ZoomCirclePacking.html,2015-04-10 05:23:50 +0000,2015-04-10 05:23:50 +0000,Html Text,6966,,,,/Users/SweetyMEOW/Sites/myd3_geo/sample/ZoomCirclePacking.html,,,,,,,,,,,,,,,,,,,,,,,,,
ZoomTransitions.html,2015-03-18 03:45:54 +0000,2015-03-18 03:45:54 +0000,Html Text,2108,,,,/Users/SweetyMEOW/Sites/myd3_geo/sample/ZoomTransitions.html,,,,,,,,,,,,,,,,,,,,,,,,,
axis1.html,2015-04-10 05:23:51 +0000,2015-04-10 05:23:51 +0000,Html Text,1118,,,,/Users/SweetyMEOW/Sites/myd3_geo/sample/axis1.html,,,,,,,,,,,,,,,,,,,,,,,,,
axis2.html,2015-04-10 05:23:51 +0000,2015-04-10 05:23:51 +0000,Html Text,4588,,,,/Users/SweetyMEOW/Sites/myd3_geo/sample/axis2.html,,,,,,,,,,,,,,,,,,,,,,,,,
cartoDB_earthquackMap.html,2015-04-15 05:21:56 +0000,2015-04-15 05:21:24 +0000,Html Text,2942,,,,/Users/SweetyMEOW/Sites/myd3_geo/sample/cartoDB_earthquackMap.html,,,,,,,,,,,,,,,,,,,,,,,,,
d3HtmlSample.html,2015-03-18 03:45:54 +0000,2015-03-18 03:45:54 +0000,Html Text,1173,,,,/Users/SweetyMEOW/Sites/myd3_geo/sample/d3HtmlSample.html,,,,,,,,,,,,,,,,,,,,,,,,,
d3showReel.html,2015-03-18 03:45:54 +0000,2015-03-18 03:45:54 +0000,Html Text,23813,,,,/Users/SweetyMEOW/Sites/myd3_geo/sample/d3showReel.html,,,,,,,,,,,,,,,,,,,,,,,,,
geoCanvas_Sample.html,2015-03-31 18:43:46 +0000,2015-03-31 18:43:46 +0000,Html Text,2797,,,,/Users/SweetyMEOW/Sites/myd3_geo/sample/geoCanvas_Sample.html,,,,,,,,,,,,,,,,,,,,,,,,,
mergingStates.html,2015-03-31 18:43:46 +0000,2015-03-31 18:43:46 +0000,Html Text,3009,,,,/Users/SweetyMEOW/Sites/myd3_geo/sample/mergingStates.html,,,,,,,,,,,,,,,,,,,,,,,,,
mouseZclick2C.html,2015-03-18 03:45:54 +0000,2015-03-18 03:45:54 +0000,Html Text,3061,,,,/Users/SweetyMEOW/Sites/myd3_geo/sample/mouseZclick2C.html,,,,,,,,,,,,,,,,,,,,,,,,,
primAlgorithm.html,2015-03-18 03:45:54 +0000,2015-03-18 03:45:54 +0000,Html Text,5141,,,,/Users/SweetyMEOW/Sites/myd3_geo/sample/primAlgorithm.html,,,,,,,,,,,,,,,,,,,,,,,,,
selectableColorWMap.html,2015-03-18 03:45:54 +0000,2015-03-18 03:45:54 +0000,Html Text,8484,,,,/Users/SweetyMEOW/Sites/myd3_geo/sample/selectableColorWMap.html,,,,,,,,,,,,,,,,,,,,,,,,,
textWrapEp.html,2015-03-18 03:45:54 +0000,2015-03-18 03:45:54 +0000,Html Text,5697,,,,/Users/SweetyMEOW/Sites/myd3_geo/sample/textWrapEp.html,,,,,,,,,,,,,,,,,,,,,,,,,
transformTransitions.html,2015-03-18 03:45:54 +0000,2015-03-18 03:45:54 +0000,Html Text,1153,,,,/Users/SweetyMEOW/Sites/myd3_geo/sample/transformTransitions.html,,,,,,,,,,,,,,,,,,,,,,,,,
treemap.html,2015-03-18 03:45:54 +0000,2015-03-18 03:45:54 +0000,Html Text,4992,,,,/Users/SweetyMEOW/Sites/myd3_geo/sample/treemap.html,,,,,,,,,,,,,,,,,,,,,,,,,
z2BoundingBox.html,2015-03-18 03:45:54 +0000,2015-03-18 03:45:54 +0000,Html Text,2684,,,,/Users/SweetyMEOW/Sites/myd3_geo/sample/z2BoundingBox.html,,,,,,,,,,,,,,,,,,,,,,,,,
z2BoundingBox2.html,2015-03-18 03:45:54 +0000,2015-03-18 03:45:54 +0000,Html Text,3153,,,,/Users/SweetyMEOW/Sites/myd3_geo/sample/z2BoundingBox2.html,,,,,,,,,,,,,,,,,,,,,,,,,
z2Sunburst.html,2015-03-18 03:45:54 +0000,2015-03-18 03:45:54 +0000,Html Text,3382,,,,/Users/SweetyMEOW/Sites/myd3_geo/sample/z2Sunburst.html,,,,,,,,,,,,,,,,,,,,,,,,,
zCirclePacking.html,2015-03-18 03:45:54 +0000,2015-03-18 03:45:54 +0000,Html Text,5134,,,,/Users/SweetyMEOW/Sites/myd3_geo/sample/zCirclePacking.html,,,,,,,,,,,,,,,,,,,,,,,,,
zoom2BoundingBox.html,2015-03-18 03:45:54 +0000,2015-03-18 03:45:54 +0000,Html Text,6639,,,,/Users/SweetyMEOW/Sites/myd3_geo/sample/zoom2BoundingBox.html,,,,,,,,,,,,,,,,,,,,,,,,,
index.html,2015-03-26 05:24:31 +0000,2015-03-26 05:24:31 +0000,Html Text,1514,,,,/Users/SweetyMEOW/Sites/myd3_geo/sample/solarsystemsizes/index.html,,,,,,,,,,,,,,,,,,,,,,,,,
worldmap-template.html,2015-03-26 05:24:31 +0000,2015-03-26 05:24:31 +0000,Html Text,5252,,,,/Users/SweetyMEOW/Sites/myd3_geo/sample/worldmap-template/worldmap-template.html,,,,,,,,,,,,,,,,,,,,,,,,,
